ID,Class
685,2
658,0
823,2
756,2
238,1
798,2
91,2
1031,1
1021,2
850,1
483,2
379,2
794,2
789,2
859,2
843,2
680,2
551,2
748,2
100,2
386,2
183,2
12,0
963,2
166,2
684,0
417,2
217,0
77,1
208,2
951,2
262,2
914,2
607,1
976,0
741,0
1016,2
322,2
92,2
316,0
668,1
224,1
634,1
672,1
58,2
140,2
502,2
279,2
637,1
545,2
694,2
341,2
761,2
600,0
767,1
385,1
306,2
211,2
442,2
776,2
45,2
718,2
268,2
559,2
986,2
994,1
815,2
998,2
387,2
664,2
940,1
282,2
769,2
717,2
763,2
467,2
529,2
393,2
394,2
899,2
403,1
873,0
292,2
32,2
596,2
344,2
315,2
888,2
818,2
555,2
557,2
523,2
99,2
652,2
126,2
539,2
1002,0
287,1
538,2
464,2
505,2
825,2
296,1
43,2
734,0
571,2
812,2
1048,1
79,0
1005,2
326,0
1026,2
923,2
151,2
528,2
253,1
985,2
638,2
678,2
93,1
735,2
504,2
172,0
144,2
192,2
152,0
883,2
641,0
891,2
115,2
368,1
751,2
459,2
816,2
835,2
441,2
399,0
660,2
84,2
463,2
70,2
567,2
613,2
845,2
229,1
266,2
547,2
738,1
656,0
966,2
365,1
24,2
201,2
795,2
363,2
677,1
869,2
653,1
37,2
339,1
725,1
695,2
591,2
834,2
813,2
55,2
181,2
47,2
319,2
968,0
489,2
16,2
1059,2
323,1
451,0
89,0
437,1
186,2
511,2
51,2
380,2
790,2
544,2
710,1
486,2
543,1
191,2
560,0
731,2
450,2
548,2
700,2
531,2
73,1
434,2
200,2
706,2
937,2
542,0
290,2
185,2
260,2
1058,2
497,2
853,2
414,1
830,2
667,2
991,2
930,2
650,2
498,2
275,1
449,2
480,2
892,2
904,2
245,0
429,0
773,2
666,2
176,2
1030,2
636,2
247,2
1055,2
783,2
334,2
928,1
828,2
854,2
755,1
786,2
150,2
534,2
479,1
274,2
307,1
1009,0
362,2
1007,1
405,0
663,2
950,2
197,0
228,2
1036,2
902,2
740,0
302,0
328,1
1063,1
26,2
475,2
709,2
264,2
473,2
573,2
604,0
665,2
338,2
299,2
1057,2
654,1
146,2
792,2
22,2
989,2
924,2
173,2
566,2
995,0
63,2
847,0
104,2
101,2
396,1
374,2
787,2
156,2
772,2
1050,2
158,2
20,2
72,2
87,0
336,2
687,2
225,2
833,2
974,2
721,2
7,2
202,0
971,2
533,2
628,1
895,2
305,0
44,0
1028,2
598,2
860,2
626,2
33,2
905,0
788,1
345,2
350,2
774,2
180,2
376,2
177,2
164,2
333,2
171,2
1010,2
284,1
342,0
849,2
418,0
397,1
565,2
178,2
779,1
256,0
154,2
958,2
496,1
240,0
366,2
712,2
880,2
903,2
736,2
908,2
1018,2
457,1
353,0
259,2
367,2
1062,2
384,1
1046,2
325,2
383,2
25,0
250,2
280,2
603,0
9,2
1024,2
112,0
582,2
609,0
1040,2
116,2
57,2
691,2
906,2
926,2
739,2
629,2
898,2
894,2
62,2
681,1
615,2
391,1
988,0
95,2
304,1
83,2
671,2
276,2
759,0
147,2
846,2
232,2
1064,2
155,2
719,2
392,1
80,2
649,2
980,2
382,2
42,2
370,2
210,2
655,1
839,2
1000,2
56,2
513,2
407,2
1039,2
587,1
768,2
199,2
569,1
518,2
17,0
495,2
642,2
448,1
288,2
134,1
86,2
81,2
579,2
519,2
948,1
821,2
627,2
524,2
599,0
138,2
401,2
881,2
517,2
532,2
415,2
780,0
970,2
426,2
724,2
630,2
462,2
242,0
1012,1
577,2
71,2
553,2
193,0
273,2
443,2
701,2
897,2
990,1
1001,2
588,2
874,1
97,2
931,2
163,2
29,2
829,2
10,2
355,1
289,0
142,2
651,2
801,1
195,2
329,0
389,0
872,2
852,2
918,0
189,2
893,1
707,2
693,2
6,2
602,2
213,0
23,0
5,2
945,2
838,2
145,2
107,2
308,2
122,1
234,2
90,2
129,2
317,2
372,2
913,2
510,2
1013,0
752,0
82,2
624,2
674,2
327,2
179,2
900,2
969,2
704,2
884,2
855,2
796,0
618,1
406,0
408,2
610,0
758,2
808,2
621,1
732,2
876,1
1052,1
791,0
423,2
857,2
614,1
527,2
920,2
580,2
127,2
993,1
175,2
1,2
1029,2
585,2
261,2
346,2
702,2
907,2
123,1
508,2
1061,2
320,2
814,1
921,1
460,2
364,0
922,1
864,2
749,1
581,1
690,2
440,2
330,2
301,2
861,0
15,2
683,2
494,2
66,2
953,2
925,0
583,0
0,1
105,1
11,1
466,0
109,2
484,0
223,1
564,2
617,2
381,0
714,0
592,1
318,2
85,2
686,2
868,2
692,2
206,2
561,2
198,2
410,1
18,2
205,0
949,2
98,2
640,2
620,2
910,1
421,1
552,2
978,2
952,2
52,2
919,1
303,1
121,0
398,2
207,2
716,1
1044,0
595,1
139,2
503,1
461,2
103,2
413,1
491,2
493,2
8,2
526,2
967,1
696,2
184,2
944,2
705,1
657,1
858,2
237,0
661,0
972,2
956,2
125,2
722,2
673,0
1054,2
745,2
313,2
311,1
187,2
61,2
1045,0
194,2
593,1
348,2
909,2
375,2
521,2
482,2
886,2
203,2
409,2
321,2
41,0
820,2
890,2
512,2
727,2
286,1
635,2
433,2
236,2
760,2
481,2
946,2
996,2
132,2
297,2
1017,2
632,1
233,1
799,1
1025,2
267,1
728,2
1035,2
310,0
659,2
285,2
416,2
877,1
295,2
50,2
283,1
743,1
76,2
961,2
574,2
747,1
1065,2
698,2
810,2
957,2
803,0
977,2
272,2
563,0
174,2
53,2
277,1
589,0
611,2
300,1
13,2
452,2
770,2
648,0
136,1
118,0
622,2
530,2
169,1
943,2
137,2
806,2
153,2
352,2
65,2
711,0
1020,2
162,2
252,2
293,1
124,2
453,2
885,2
558,1
848,1
597,0
644,2
128,2
1067,2
235,2
878,2
987,2
106,2
960,2
133,2
219,1
594,2
578,2
1051,1
395,2
27,2
149,2
456,0
425,2
369,2
75,2
212,2
204,2
762,2
131,2
509,2
826,1
959,0
837,1
424,2
218,2
997,2
670,2
431,2
251,2
777,2
936,2
590,1
470,2
983,1
863,0
1023,2
537,2
866,1
60,2
248,2
933,2
221,2
373,2
402,1
984,0
492,2
757,2
753,0
744,2
844,2
438,2
942,2
817,0
335,0
64,2
246,2
36,2
477,0
501,2
917,2
3,2
800,0
309,1
929,2
875,2
729,2
500,2
435,1
436,2
715,1
1008,2
159,2
167,1
294,2
841,0
119,2
427,2
388,2
535,2
962,0
244,2
458,1
471,2
165,2
775,2
130,2
358,2
270,2
49,2
19,2
343,0
430,2
639,2
332,2
231,0
143,0
662,2
805,2
575,2
733,2
765,2
954,0
111,2
676,2
713,2
411,2
1027,2
975,2
865,2
360,2
46,0
842,2
1004,2
214,0
516,1
400,2
94,2
546,2
824,2
1049,1
254,2
766,2
1034,2
827,2
454,2
675,2
1053,2
809,2
708,1
797,2
227,2
927,2
35,2
1006,2
804,2
840,1
378,1
1047,0
88,1
222,2
981,2
1041,2
468,2
784,2
485,0
506,1
230,2
550,2
439,2
586,2
148,1
1014,2
110,2
912,2
703,2
723,2
964,2
807,2
445,2
96,1
616,2
601,1
1056,1
619,1
514,2
4,2
887,2
831,1
59,2
455,1
226,2
351,1
404,2
570,1
216,2
584,2
419,1
608,1
291,2
108,2
562,0
631,1
499,0
190,1
862,0
932,2
781,0
161,2
69,1
102,1
359,1
243,2
432,2
889,2
257,2
117,2
249,1
785,1
1032,2
540,2
992,2
239,2
141,2
444,2
688,2
679,2
939,1
730,2
422,1
1022,2
507,2
699,2
689,2
1042,2
1033,1
851,2
337,2
390,2
74,2
1060,1
554,0
490,2
28,2
522,2
633,2
215,2
263,1
420,2
354,2
764,2
870,0
1011,2
965,2
361,2
720,2
114,2
782,2
312,2
836,2
340,2
882,2
377,2
356,2
314,2
935,2
605,1
896,0
14,1
347,2
771,2
646,2
793,1
879,2
669,1
30,2
623,2
209,2
982,1
1066,1
269,2
938,0
911,0
1037,0
349,2
742,2
832,2
541,2
331,2
182,2
487,0
612,0
915,2
867,2
265,0
21,2
811,2
474,2
157,2
999,0
647,2
488,2
536,2
819,2
525,2
916,1
188,2
754,2
576,1
746,1
298,0
170,2
371,2
2,2
357,2
556,2
625,2
737,2
955,2
446,2
465,2
278,2
549,2
324,1
281,2
1019,1
947,1
568,1
135,2
48,2
258,2
39,2
802,2
220,2
472,0
160,2
478,2
1003,2
871,1
726,1
271,2
34,2
68,2
856,2
934,1
697,2
1038,2
40,2
469,2
476,2
412,2
38,1
1015,2
1043,2
979,0
645,1
515,2
241,1
901,2
120,2
520,2
941,2
31,2
255,2
822,2
67,2
682,2
78,2
643,2
428,2
54,1
750,2
447,2
778,2
113,2
196,2
572,2
168,2
606,2
973,2
